,sample,name,wavelength,cost,redchi,bic,aic,n1,n1_std,m1,m1_std
0,PF_clear,PF_clear,514,0.15150626634583003,0.034260296973861196,-106.40450454765391,-109.39751967058687,1.0355125635466726,0.006959189885075181,4.23735452759988,0.05072128871512195
0,PF_coast,PF_coast,514,0.17130141494708404,0.048244045643447274,-95.10909120792105,-98.10210633085401,1.0423557142449116,0.010814050539509564,3.827527173557714,0.09313237697591888
0,PF_turbid,PF_turbid,514,0.07025268772424803,0.008137188914426637,-153.8434031845134,-156.83641830744637,1.1296434865153362,0.03352406061540885,3.516523308605163,0.10437005997634928
0,PF_avg-part,PF_avg-part,514,0.07846056225657233,0.010440692103220453,-145.61762203278118,-148.61063715571416,1.1238003330123456,0.036807298685940265,3.510400886632363,0.11922706953418391
