,sample,name,wavelength,cost,redchi,bic,aic,gamma,gamma_std,n1,n1_std,m1,m1_std,n2,n2_std,m2,m2_std
0,PF_clear,PF_clear,514,0.11397783377056137,0.02290504950109361,-112.56059327170793,-120.04313107904034,0.9566816943678627,0.0751676686629417,1.103385694265096,0.10323976430100822,3.6768218533842876,0.4538519853277099,1.0200751609878178,1551471.652051794,4.9999999960506125,0.40062070988730664
0,PF_coast,PF_coast,514,0.16022555445714734,0.043800703900079965,-91.16694078665574,-98.64947859398815,0.9928552244994309,0.12038966803906215,0.9243758450935086,0.1023677992773078,3.531029590964874,0.5498757243331089,1.0219773043205957,2169001.34406554,4.999999816794576,1.2064245144378674
0,PF_turbid,PF_turbid,514,0.07025256749333425,0.00900903092156249,-143.35387926300098,-150.83641707033337,0.9999999699043125,0.6626070651057591,1.129640469504045,0.04742230798420443,3.5165326023785837,0.18658407391918713,1.0657343890575384,1006291.0837467139,3.8539421579452284,3173623.3289798815
0,PF_avg-part,PF_avg-part,514,0.07846079825685873,0.011559351881412813,-135.12805882201496,-142.61059662934736,0.9608211396229078,935189.5682734213,1.1238002734175905,195.2603517040212,3.5103828121009433,828.8746793563292,0.8765795228047113,4395.621175436552,3.5120934807346287,20507.556709184504
