,sample,name,wavelength,cost,redchi,bic,aic,gamma,gamma_std,g1,g1_std,g2,g2_std,alpha1,alpha1_std,alpha2,alpha2_std
0,PF_clear,PF_clear,550,0.07007783037659744,0.009640901203404275,-141.11690561894315,-148.59944342627554,0.9777424789738779,0.0051301348416100696,0.943525989818982,0.007088839473536173,-0.26748012520588194,0.268864182767315,0.34806752685844977,0.037379553355324974,2.4999999999996723,5.119720411625433
0,PF_coast,PF_coast,550,0.0728735786670961,0.01123939082711016,-136.05437376971307,-143.53691157704546,0.9958001331049463,0.0009765003376774133,0.9470514792202932,0.004920776777646891,-0.3782820614369595,0.2663054868640698,0.5354126381908291,0.029266085231105896,2.49999999907642,4.334944499858128
0,PF_turbid,PF_turbid,550,0.06358959418249355,0.008592313864524895,-144.91674088215677,-152.39927868948917,0.9985802053731317,0.0013246586818703328,0.9465241977168897,0.005022984236842059,-0.39383030995457985,0.8460094201817736,0.39769780026289925,0.024474007751454703,2.4999999999999996,14.365634162812938
0,PF_avg-part,PF_avg-part,550,0.05856279546893187,0.00864908329310283,-144.69942694918137,-152.18196475651376,0.9987585318051392,0.000859867450563906,0.9438256084370947,0.0048217537103703205,-0.45282350447431724,0.651426824941676,0.42520204680139634,0.022738711048356914,2.499999999999997,10.747743097595004
