,sample,name,wavelength,cost,redchi,bic,aic,g1,g1_std,alpha1,alpha1_std
0,PF_clear,PF_clear,514,0.3200471900443123,0.15170884511878874,-57.30129555080936,-60.29431067374232,0.9898368216797798,0.010186677761371235,0.06888404956968479,0.05466672729186035
0,PF_coast,PF_coast,514,0.29492852499392325,0.14600731611636253,-58.565408746177965,-61.558423869110925,0.9766912953218754,0.009843557373927425,0.326021542576013,0.055215800207513197
0,PF_turbid,PF_turbid,514,0.1092165967633764,0.019461891670151003,-125.06695761856729,-128.05997274150025,0.9567409952714947,0.005501183258736095,0.33986083598313777,0.021764134919846134
0,PF_avg-part,PF_avg-part,514,0.12279106926581058,0.02431254870280885,-117.72332425281985,-120.71633937575281,0.9548336676333372,0.006121682371315848,0.36286077553150503,0.02448448001543204
